<?xml version="1.0" encoding="utf-8"?>
<labels xmlns="http://mulan.sourceforge.net/labels">
<label name="Label1"></label>
<label name="Label2"></label>
<label name="Label3"></label>
<label name="Label4"></label>
<label name="Label5"></label>
<label name="Label6"></label>
<label name="Label7"></label>
<label name="Label8"></label>
<label name="Label9"></label>
<label name="Label10"></label>
<label name="Label11"></label>
<label name="Label12"></label>
<label name="Label13"></label>
<label name="Label14"></label>
<label name="Label15"></label>
<label name="Label16"></label>
<label name="Label17"></label>
<label name="Label18"></label>
<label name="Label19"></label>
<label name="Label20"></label>
<label name="Label21"></label>
<label name="Label22"></label>
<label name="Label23"></label>
<label name="Label24"></label>
<label name="Label25"></label>
<label name="Label26"></label>
<label name="Label27"></label>
<label name="Label28"></label>
<label name="Label29"></label>
<label name="Label30"></label>
<label name="Label31"></label>
<label name="Label32"></label>
<label name="Label33"></label>
</labels>